index,x,y,orientation
0,-3.8740241127377047e-07,-2.864623825881306e-07,1.5700001565924004
1,9.198315663926488e-07,2.9709407318610267e-05,1.5700026823439739
2,2.267708219993734e-06,8.064459627105469e-05,1.5700067552113848
3,3.6805847871514753e-06,0.00011674472612120982,1.5700138202455487
4,5.172525012026689e-06,0.00012299715505670274,1.5700223864565217
5,6.6171146622597695e-06,9.935313184122889e-05,1.5700306201655465
6,5.83599667209094e-06,6.388397004893923e-05,1.570035983007588
7,5.683451131889363e-06,5.693820887107088e-05,1.570039821625499
8,6.1700572364107855e-06,7.789550563928158e-05,1.5700439987445876
9,5.097437686155716e-06,0.00010946741544921514,1.5700491913506969
10,4.7952416380165475e-06,0.00011364036621801146,1.5700560278668108
11,2.573506121586308e-06,9.510583964300725e-05,1.5700617499817544
12,1.709726512943462e-07,9.417406666500926e-05,1.5700657470318418
13,-2.032495683783682e-07,0.00011269646269212187,1.5700720648052284
14,4.4462792278690574e-07,0.00011081341190123873,1.5700782961477253
15,-5.885338314159235e-07,0.000112081122143989,1.570085176369458
16,-5.7638957997612106e-09,0.00011657781723259155,1.570089062078963
17,5.570159383392248e-07,0.00011968544620784052,1.5700930614938857
18,5.342808977438063e-07,0.00012073412288033708,1.570096862363573
19,-3.844510501356012e-08,0.00012153898699351085,1.570100364943658
20,-2.1512467972055459e-07,0.0001222835375275378,1.5701021082616513
21,-2.439422258872483e-07,0.00012335913406483751,1.570103923206904
22,1.6424947208661473e-07,0.00012607125721369154,1.5701077892416915
23,4.710239400782635e-07,0.0001294849204292595,1.5701134538217787
24,9.399722688187527e-07,0.0011391036118820694,1.5701131707703022
25,4.9049549501188174e-06,0.006601045976740699,1.5700997242311563
26,1.2734374089882603e-05,0.01668441012775403,1.5700776795154106
27,3.208166549098912e-05,0.040479759151998355,1.5700354535765215
28,5.595409230815937e-05,0.06059428525839082,1.568602574435336
29,0.00020383824783255282,0.09120761439584253,1.561739588144016
30,0.0005974432410552726,0.12183172562569435,1.5525503949995363
31,0.0010235789859935967,0.14224772648566222,1.5457483171356843
32,0.0015910102851628993,0.16266185671403163,1.5386400745429767
33,0.0023053962576092923,0.1830722336949644,1.531342627914392
34,0.0031698594309704496,0.2034769291243308,1.5239282857598424
35,0.004186229856196151,0.22387458109835948,1.5164408891743733
36,0.005355187596950813,0.24426387377371003,1.5089082471690332
37,0.006678383200674982,0.26464400639449037,1.5013477518582423
38,0.008155759561254968,0.2850135852749178,1.493769204116384
39,0.009787473359468144,0.3053713843244221,1.4861790549274188
40,0.011572917028454196,0.32571598449654643,1.4786771683898665
41,0.01351005587878481,0.34604622090605297,1.4713119559891916
42,0.01669423164346836,0.37651310185896203,1.4604110326286808
43,0.020208722873998733,0.4069432654301379,1.4496281405878664
44,0.024047585679568804,0.43733321744854303,1.439169461172436
45,0.02820060161996652,0.46768084467787285,1.4289305510199297
46,0.03266090599419812,0.49798386766254804,1.4189867471766238
47,0.03579832482188327,0.5181602330742616,1.4127318933791135
48,0.04073677368073604,0.5483865483153146,1.4036776418844592
49,0.04417902249846683,0.56851179355829,1.3978604265244121
50,0.04773621346497489,0.5886163074559496,1.3922394237074143
51,0.053281558744773284,0.6187347020962591,1.3840206417634444
52,0.059072207140442805,0.6488063169579814,1.3759367245917953
53,0.06105588471791952,0.658819504753098,1.3733090963214178
54,0.06306589204450695,0.6688273088429965,1.3707740373755366
55,0.06510094443860967,0.6788298310447944,1.3683122583942766
56,0.06716041647308357,0.6888271370332301,1.36590803908093
57,0.0692436770589151,0.6988193999821307,1.3635493845133568
58,0.07347996119787972,0.7187888116144329,1.359025962922386
59,0.07780429392788302,0.7387386418166433,1.3547327848746475
60,0.08221316261612868,0.7586695315554891,1.3505831461666449
61,0.08670367048631643,0.7785818719926774,1.3465225187167513
62,0.09127442815740719,0.7984758141201064,1.3425423592463708
63,0.09827503944118511,0.8282822147140403,1.3368956302128536
64,0.10544077233885232,0.858048649051607,1.331488103260346
65,0.11030624592513963,0.8778711021237334,1.3279775362974864
66,0.11773081242606674,0.9075727432464564,1.3230296544780396
67,0.12276080299423071,0.9273532486221746,1.3198712546446123
68,0.13042151710775796,0.956993873313049,1.315245909497516
69,0.1356037031883622,0.9767345629087706,1.312298369810189
70,0.14348241633131248,1.006316866307139,1.3081547101809314
71,0.1514808907738303,1.0358664409292937,1.3042171509451244
72,0.15959119663103297,1.0653845466852407,1.300643773554515
73,0.1650550529223029,1.0850470671986527,1.2984071650662032
74,0.17056179039589542,1.1046974271650556,1.296329997162356
75,0.17610749481098162,1.1243362198944167,1.2944333967503028
76,0.1844935825978904,1.1537749142337532,1.2917884748253834
77,0.19012663907035,1.1733882640128332,1.2901031441033464
78,0.19863742140294366,1.202790650511047,1.287638321843989
79,0.20435124365771512,1.222380558288414,1.2860198160464305
80,0.2100960451240032,1.241961079426855,1.2845048932050624
81,0.21876581897545475,1.271315771663193,1.2824872788795758
82,0.2245773340636701,1.2908758455587186,1.2812417279629729
83,0.22749217718031006,1.3006532310963537,1.280637548031901
84,0.23333936598412394,1.3202025713384928,1.279454640157648
85,0.24215304191309686,1.3495136785741348,1.2777214395722456
86,0.24805683009429078,1.3690458652435054,1.2765820721713186
87,0.2539822352149211,1.3885714330745949,1.2755419466410525
88,0.2569522426567524,1.3983318239245395,1.2750791171827047
89,0.2658881150439441,1.4276047931563836,1.2738371062195852
90,0.26887454366425645,1.4373599275462556,1.2734565410617598
91,0.27186463707078523,1.4471138807167807,1.2730872776391082
92,0.27785522506389126,1.4666186347067602,1.2723738585388302
93,0.28385942878940057,1.4861189920248228,1.2716836760465005
94,0.28987716938342084,1.505615237677306,1.2710084624724087
95,0.2959080766520459,1.5251074580302924,1.2703428950080018
96,0.2989283653012862,1.5348520142475814,1.270012608882343
97,0.30497863017352406,1.5543383042560375,1.2693554835677878
98,0.30800848431166494,1.564079860564015,1.269028188025769
99,0.3171170540036966,1.5932988606997707,1.268049576605922
100,0.32320524853681265,1.6127731277803186,1.2673991380972078
101,0.3323617176279999,1.641977077597789,1.2664256143505699
102,0.34154630428655525,1.6711721516353006,1.2654534517590794
103,0.3476849933630388,1.6906304891381903,1.2648058658928225
104,0.35691681868267155,1.719810671154882,1.2638353449914932
105,0.3661773342310519,1.7489818705820648,1.262865909756741
106,0.36927041143504097,1.758703555674664,1.2625429071770113
107,0.37856803128977445,1.787862885935175,1.2615740182056092
108,0.38789384697431395,1.8170130112098442,1.2606302998084395
109,0.39724450189436605,1.8461547095800455,1.2599586951414397
110,0.40661154685356904,1.8752905903595463,1.2594879958034881
111,0.4159904256111227,1.9044222377917845,1.2591192472360608
112,0.42537952900913983,1.9335505599835856,1.2588029358904236
113,0.4316439612184939,1.952967839935201,1.2586080229470233
114,0.4379121023891631,1.972383880275342,1.2584206775439524
115,0.4441837474604794,1.9917988478195499,1.2582382404336954
116,0.4535977016145352,2.020919082844175,1.2579704915875658
117,0.4598780126162475,2.0403311653645866,1.2577945633798635
118,0.46930498390311143,2.0694469831003435,1.2575331231119395
119,0.4755938885940105,2.0888563290042126,1.2573599295610864
120,0.48188599543977395,2.1082645300684133,1.2571874307917432
121,0.4913304166949185,2.1373748598089795,1.256929875673494
122,0.49763088944836237,2.156780426836189,1.2567587938274545
123,0.5039347534457194,2.176184782065974,1.2565882920363696
124,0.5102420048531011,2.1955882213875504,1.2564184205329596
125,0.516552405300182,2.214990531760261,1.2562490651155833
126,0.526024047171928,2.2440920386194763,1.2559959066281667
127,0.532342524302308,2.2634915637153616,1.2558276316152521
128,0.5355030926067746,2.2731909843385694,1.2557437083267886
129,0.5386645015169076,2.2828900962546634,1.2556599806126967
130,0.5449897048932144,2.302287477061996,1.2554929881479633
131,0.5513180697058351,2.321684011288155,1.2553265450611901
132,0.5576495931730641,2.3410793543723836,1.2551605915515738
133,0.5639842725471497,2.3604737650040906,1.2549993608166798
134,0.5703218649692791,2.3798670578928665,1.2548640724158961
135,0.5766621744870405,2.3992596253364544,1.2547488104418218
136,0.5861764101573126,2.4283469633879853,1.2545984892759192
137,0.5956944329906882,2.4574328785578694,1.254463308587695
138,0.6052164363443882,2.486517588295,1.2543362803002172
139,0.6115666036989711,2.5059067026779074,1.2542543686971523
140,0.6210945542250393,2.5349893839550863,1.254133997009645
141,0.6274486645413342,2.5543773263845124,1.2540549730961625
142,0.6338042704411343,2.5737646478109704,1.2539765919648973
143,0.6433403701157776,2.60284478064513,1.2538599695932338
144,0.6528795163889102,2.631923848483631,1.253744311187363
145,0.6592410437742641,2.6513091179986996,1.2536678233395682
146,0.6656041792919098,2.6706939702774637,1.253591731812707
147,0.6751514084209483,2.699770437065513,1.253478202073486
148,0.6815179807693809,2.7191540593428596,1.2534030258478035
149,0.6910706128543509,2.748228748447545,1.2532909355498674
150,0.7006266254774078,2.7773023666984944,1.2531795781741095
151,0.7101858089875739,2.8063748489576334,1.2530689937659876
152,0.7197480207604353,2.8354462845239095,1.2529591548684085
153,0.7261247732012529,2.8548266792914236,1.2528863858060442
154,0.7325029324443988,2.8742065302481192,1.2528139396854043
155,0.7388824721278913,2.893585999839459,1.2527418418410112
156,0.7484541739105255,2.9226542548018357,1.2526343466152359
157,0.7548372132185487,2.942032656861726,1.252563154569086
158,0.7612215986919448,2.961410488901712,1.25249224831418
159,0.7676073150762598,2.9807879064036107,1.2524216219298947
160,0.7739942946497704,3.000164876887136,1.2523512918601343
161,0.7803827288663068,3.0195414623641845,1.2522813624801428
162,0.7867726034528076,3.0389174069351346,1.2522118110624838
163,0.793163783276661,3.0582929939839816,1.2521425228569882
164,0.8027529089888074,3.087355594556922,1.2520391850754446
165,0.8091473106798727,3.1067300740715273,1.2519708255706878
166,0.8123450549457517,3.11641713500332,1.2519368078872848
167,0.8187415663099764,3.1357910776252247,1.2518690316959429
168,0.8219403041479731,3.1454778198736535,1.2518352600543634
169,0.8283387858516432,3.164851062816893,1.2517679210590054
170,0.8347384798965007,3.1842237737019286,1.2517008505787688
171,0.8411394604694209,3.2035961966628093,1.2516340668303734
172,0.8475417280774467,3.222968077792046,1.2515676213251263
173,0.8539453554770399,3.2423395795381142,1.2515014817591792
174,0.8635531047316801,3.271395936508726,1.251402766068257
175,0.8731637490152814,3.3004513907070776,1.2513048058385037
176,0.8827772742116667,3.3295060402614847,1.2512076172842133
177,0.8891878076740837,3.3488752161855575,1.2511431466466887
178,0.8988059653700743,3.3779282365637195,1.2510469539663855
179,0.9084269269414362,3.4069803838782904,1.2509514913782358
180,0.9148424545693048,3.4263478406196652,1.2508882537938153
181,0.9212591321705049,3.4457150050863627,1.250825218238717
182,0.9276769619785137,3.465081713130404,1.250762411639004
183,0.9340962816676271,3.4844480886004496,1.2507000311922962
184,0.9405167841200059,3.5038139418474668,1.2506379961267777
185,0.9469383614189925,3.5231795229906786,1.250576209822538
186,0.9533609048374153,3.542544644565671,1.2505145839821723
187,0.9597847989250278,3.561909477411158,1.2504532614528283
188,0.9662100839829179,3.5812737800132015,1.2503923234189658
189,0.9758500171925998,3.610319563287212,1.2503014265669508
190,0.9854923559037522,3.639364523323911,1.2502110567938878
191,0.9919221595663121,3.658727257839901,1.2501511899551183
192,0.9983533318733349,3.6780896499327564,1.2500917166531802
193,1.0080019992393874,3.7071325148031757,1.2500030256357577
194,1.0176529387154274,3.736174641908386,1.2499147946311757
195,1.0273066799823622,3.7652158440931305,1.2498272524957936
196,1.0369631131384525,3.794256125991973,1.2497404357663418
197,1.046621819530011,3.8232956969222354,1.249654164755206
198,1.053062350016271,3.84265494675089,1.249596953490468
199,1.0595039514768296,3.862013683912322,1.2495400265981067
200,1.0659468334077082,3.881372176259822,1.2494835827678814
201,1.072390650028152,3.900730241683798,1.2494274953022855
202,1.0788355650195691,3.920088087783714,1.2493717365695012
203,1.0820584537151465,3.9297668505301773,1.2493439527970716
204,1.0852815982440116,3.9394454806140327,1.249316203735342
205,1.0885050511197116,3.949123993251103,1.2492885002908993
206,1.091728785359998,3.958802521387466,1.2492608361649467
207,1.0981769496879794,3.9781591477565192,1.2492056550656305
208,1.1046262163985117,3.997515480453633,1.2491507340956725
209,1.1110764404307905,4.016871484160896,1.249096017780829
210,1.1175277582874155,4.036227091135889,1.249041533996668
211,1.1239801498164208,4.055582356940297,1.2489872983387535
212,1.1304336717736412,4.074937170505961,1.248933376783401
213,1.1368881411940939,4.0942917988672995,1.2488796990024666
214,1.1465717930423436,4.123323010645256,1.2487996943539643
215,1.1562578730436122,4.152353395778289,1.2487202471956618
216,1.1627165095185168,4.17170665855777,1.2486675696035976
217,1.1724062821783872,4.2007357708742346,1.2485890479396728
218,1.1788673873102613,4.220088147663285,1.2485370082891392
219,1.188561063131084,4.249116009608191,1.2484594502405644
220,1.198256900581848,4.278143054228929,1.2483824710335683
221,1.2047219660215263,4.297494148981748,1.2483314658803912
222,1.214421522755655,4.326520068521393,1.2482554740453364
223,1.2241233096187734,4.3555452220464455,1.2481799790811192
224,1.2305924783863662,4.374894947204541,1.2481299863531592
225,1.240297761691459,4.403918875293399,1.248055381749473
226,1.2467691369830913,4.423267766372975,1.2480059203962948
227,1.2532415752931128,4.442616287841902,1.2479567263803388
228,1.2661892412861822,4.48131247908778,1.2478590604966153
229,1.2726644325236545,4.500660170880628,1.247810602675199
230,1.2823791276096195,4.529681050555213,1.247738396756145
231,1.2920958661879733,4.55870109586639,1.2476666695746053
232,1.2985748452025991,4.578047566483093,1.247619145185333
233,1.3082949186587995,4.607066581234814,1.247548310663816
234,1.3147761212074234,4.626412155767139,1.2475013770661565
235,1.324499710298346,4.6554300043201975,1.24743142355686
236,1.3309832418750427,4.674774759719033,1.2473851246343424
237,1.3407101726400896,4.703791574042895,1.2473160794292149
238,1.350439007703424,4.732807725782075,1.2472474283121802
239,1.3601700236396677,4.761823026338109,1.2471793581104975
240,1.3666585222513248,4.781166209852327,1.2471343078076584
241,1.369902986134852,4.790837689910868,1.2471118270356016
242,1.3731476357079115,4.800509133214687,1.247089366979258
243,1.376392516816644,4.8101805569754585,1.2470669617936898
244,1.379637638123011,4.819851840332338,1.2470446246649876
245,1.3861285302024415,4.8391941028901755,1.2470001234394779
246,1.3926206129389425,4.85853620589516,1.2469559751784012
247,1.3991134295876528,4.877877900463184,1.2469120504550637
248,1.4056067902944773,4.897219521728205,1.2468682091901044
249,1.412100907343186,4.91656067480035,1.2468245386970402
250,1.4185961830620684,4.935901639707359,1.2467811816486798
251,1.4250924387201453,4.955242240917385,1.246738100505182
252,1.4315894891419914,4.974582641644294,1.2466952400973084
253,1.4380870629198366,4.9939227190122315,1.246652478198574
254,1.44458537873973,5.013262506057254,1.2466098736692373
255,1.451084677627004,5.032602073593218,1.2465675179386602
256,1.457585074436319,5.051941203729527,1.2465255213756925
257,1.4640862369607275,5.071280247856754,1.24648372770335
258,1.4705877198474326,5.090618942100064,1.2464664069407765
259,1.4770885217868535,5.109957571204276,1.2465921958806079
260,1.486833019386551,5.1389673418837605,1.2469732311914468
261,1.4965645301627462,5.167981132403625,1.2474822857528145
262,1.5030435709791115,5.187326516968638,1.2478603486503184
263,1.5095150042246148,5.206674284636111,1.2482565342006309
264,1.5159787632631325,5.226024664069558,1.248664383623517
265,1.525659511923579,5.255055103019913,1.2492894418812337
266,1.532103183684023,5.274412190842071,1.249711494594708
267,1.5385385403683693,5.293771907063954,1.2501361011534844
268,1.5481762102888355,5.322816755694156,1.2507760410239905
269,1.5577953806969411,5.351867666385578,1.2514182345351206
270,1.5673958765468579,5.380924690181432,1.252061858285135
271,1.5737857043064858,5.400299577947732,1.2524914177974382
272,1.5801671765722527,5.419677111000369,1.2529212226628696
273,1.5865403634835815,5.439057458201684,1.2533512544106726
274,1.592905315367085,5.4584404037309,1.2537815929867433
275,1.6024371651427007,5.487520133015583,1.2544275693463873
276,1.608781076160226,5.5069100160085185,1.2548584327704817
277,1.6151166558245542,5.52630274035025,1.2552895533477773
278,1.6246044310252994,5.555396746429802,1.2559367829224157
279,1.6309193771547446,5.574796133668804,1.2563686978317898
280,1.6340736774033267,5.584496795785972,1.256584728242918
281,1.640375821654865,5.603900422099815,1.2570168310551664
282,1.646669314489179,5.623306631415416,1.257449032321053
283,1.6529546656555754,5.642715617642406,1.2578815562852708
284,1.6623671910336195,5.671834062030783,1.258530922462955
285,1.668631565278475,5.691249861419027,1.2589640453369777
286,1.6748874980261221,5.7106683319732,1.2593973267891714
287,1.6811349893608423,5.730089493777223,1.2598307775266746
288,1.6904905556714604,5.759226330752379,1.2604813922557045
289,1.699827196723387,5.788369158138569,1.2611324818404064
290,1.706040997533282,5.807801236624896,1.2615667237791968
291,1.712246402684375,5.827235818188963,1.2620011824677657
292,1.7184433439305495,5.846673202202619,1.2624358468748238
293,1.7246318075845026,5.866113169834707,1.2628707435440893
294,1.730811874570016,5.885556022245087,1.2633058578566807
295,1.7400666718413709,5.914725252370324,1.2638673276307208
296,1.746229033904861,5.934174055978319,1.2640738876470592
297,1.7523881898899774,5.953624206598703,1.264193448059992
298,1.7585455007920494,5.9730750011379055,1.2642578238413267
299,1.7647019278796918,5.992526297670066,1.2642872078819234
300,1.7708579315796984,6.0119776274638905,1.2642944038729056
301,1.7770139584278999,6.031429108131026,1.2642875824820812
302,1.786248443888126,6.06060611244439,1.2642618435743116
303,1.7954838922692302,6.089782910498052,1.2642259946527334
304,1.8016414582411342,6.109233977734466,1.264199100376928
305,1.8077994060749836,6.128684797929769,1.2641708146703685
306,1.8139580223525502,6.1481355520426915,1.2641417838297189
307,1.823197078838534,6.17731114899371,1.2640975414428284
308,1.832437499380159,6.206486381279217,1.2640529500704698
309,1.8385984013281957,6.225936308090424,1.2640231486079971
310,1.8447598413381145,6.245386132354691,1.263993392169587
311,1.8540031905458199,6.274560461615913,1.2639490407966383
312,1.8601661768845108,6.294009678557178,1.2639196535362944
313,1.8694117686586356,6.3231833532933575,1.2638757774292715
314,1.8755761004540323,6.342632179620489,1.263846605521225
315,1.8817409843500603,6.362080909159605,1.2638172522042865
316,1.8879064962173442,6.381529327070293,1.2637878423610551
317,1.89715587171899,6.4107017289348445,1.263743707610894
318,1.9002392852121883,6.420425740100667,1.2637290281387825
319,1.9064065999290232,6.43987373446332,1.2636997586227388
320,1.9094904086149744,6.449597649690886,1.2636807320698504
321,1.9156587558266416,6.469045280245793,1.2636214018973422
322,1.9218284427204744,6.488492587405583,1.263542498767423
323,1.9279998265621003,6.507939332831328,1.2634512372381357
324,1.9341730582526777,6.527385622039229,1.263352149468192
325,1.9403482436521429,6.546831196348491,1.2632481704450476
326,1.9465254659524374,6.566276190830631,1.2631411265951389
327,1.9527047805587707,6.585720414508982,1.2630321925694346
328,1.958886230205913,6.605164084436458,1.262922065338592
329,1.9650698459230636,6.624607004703927,1.2628112654899515
330,1.9712556001360744,6.644049332085871,1.2627000750052042
331,1.9774434868510495,6.663490899837669,1.2625887089678867
332,1.983633596322902,6.682931762189939,1.2624772396488473
333,1.9898258960653545,6.70237189361556,1.2623656945514192
334,1.9991183790762963,6.731530934616145,1.262198337158017
335,2.0084156158116273,6.760688487750625,1.2620310804936063
336,2.0146164956362718,6.780125853244094,1.261919719704733
337,2.0208196666747544,6.799562613825312,1.2618084902491975
338,2.0270250234072487,6.818998592618371,1.2616973757465306
339,2.036336997307661,6.84815142322664,1.261530873016326
340,2.0425474921981848,6.867585744833966,1.2614199590859876
341,2.0518674075049135,6.896736006418321,1.2612538433664666
342,2.058083609214486,6.916168540686333,1.2611434274606206
343,2.064301923248911,6.9356005003215655,1.2610332288066122
344,2.0705222079304284,6.955031727641836,1.2609231688380231
345,2.0798564120119427,6.984177337550803,1.2607582770247356
346,2.0860820071810493,7.00360685467566,1.2606485192266244
347,2.0923099953928683,7.023035683143134,1.2605389378048268
348,2.0985401212760744,7.042463750925398,1.2604294703019923
349,2.1078886830356014,7.071604794484475,1.260265309618061
350,2.1141237911572337,7.091031321765525,1.260156111948232
351,2.1234808290547993,7.1201696178086635,1.2599927809128717
352,2.129721364760227,7.139594441629649,1.2598840079678657
353,2.139086037996941,7.168730331472154,1.259721082603494
354,2.1484554892499106,7.197864579958153,1.2595584563146203
355,2.154704443139197,7.21728661020342,1.2594501952261268
356,2.1578296981844627,7.226997356821754,1.2593961114211156
357,2.1609554902878534,7.236707987159725,1.2593420660582606
358,2.1640818279374567,7.246418481219029,1.2592880573929015
359,2.1703359916881375,7.265838764860133,1.2591801287139668
360,2.1765922996131497,7.285258486704957,1.2590723172694942
361,2.182850654115626,7.304677445082595,1.2589646035472906
362,2.1922422316940926,7.333804735091734,1.2588032857667555
363,2.198505859570879,7.353222062025352,1.258695890711721
364,2.2047714193302097,7.372638719569514,1.2585885509133174
365,2.2110391351224097,7.392054710006243,1.258481339666532
366,2.217309057217888,7.411470021112634,1.2583742287141866
367,2.226717803320022,7.440591639258766,1.258213623126974
368,2.2329928740333336,7.460005226052233,1.258106622415118
369,2.2392699448281825,7.4794182853783955,1.2579996462621037
370,2.245549050327655,7.498830565352529,1.2578928085133707
371,2.2549719467848823,7.527947732893023,1.2577330956163895
372,2.2643993756084577,7.557063355336518,1.2575737245804137
373,2.270686652282898,7.576472958622256,1.2574674746031225
374,2.276976155565696,7.595881920371023,1.2573613649864697
375,2.2832678633570427,7.6152900998371145,1.2572554206754862
376,2.292709057764862,7.6444013485022415,1.257096584527614
377,2.302154776711359,7.673511029589726,1.2569379410003632
378,2.3116053530868164,7.70261909714218,1.2567796700619196
379,2.3179084030152084,7.722023746127499,1.2566745636247614
380,2.3273663477686624,7.751129417670845,1.2565172347693614
381,2.3336741651131963,7.770532449521644,1.2564125717083607
382,2.3399842058643165,7.789934647175826,1.256308148226015
383,2.346296417505637,7.809336236302856,1.2562038887599973
384,2.355768212880298,7.838437532921583,1.2560475589767328
385,2.36208516344867,7.857837457047958,1.2559434553044884
386,2.3684042096114273,7.877236833965221,1.2558438482153742
387,2.37472501778095,7.896635495261434,1.2557699589437448
388,2.3842085223894456,7.925732829377962,1.255693678323888
389,2.3905319038568145,7.945130609308243,1.2556564646417425
390,2.40001811350324,7.974226710682664,1.2556118983994435
391,2.406343032753235,7.993623991722198,1.2555867207535476
392,2.4126682968140134,8.013021057000028,1.2555637779078346
393,2.4221571003502307,8.0421165160372,1.2555320988838645
394,2.4284835197985575,8.061513268629485,1.2555122046803129
395,2.4316468490178154,8.071211626417984,1.255502525614537
396,2.4379737378501627,8.090608104511452,1.2554835540190636
397,2.4411373375972603,8.100306378429446,1.2554742268817953
398,2.447464844123447,8.119702783689945,1.2554558407436935
399,2.4537927285986787,8.139099040942824,1.2554377417507099
400,2.4601209061696623,8.158495199519706,1.2554198157364849
401,2.4664493621641412,8.177891247335292,1.2554020178429086
402,2.4727781737421757,8.197287194120744,1.2553843571549603
403,2.482272146722158,8.226380896229061,1.2553582434118915
404,2.491766871396863,8.255474271854817,1.2553325129388702
405,2.498097082430115,8.274869810741741,1.2553154869554723
406,2.5044275256862703,8.294265180028491,1.25529852552375
407,2.5139240127734306,8.323358067273466,1.255273388020193
408,2.520255603111117,8.342753240443171,1.2552568555210593
409,2.526587268727175,8.362148188920322,1.255240332114414
410,2.532919049773106,8.38154315538776,1.2552237944811555
411,2.5424175275412004,8.410635272290978,1.2551992679084807
412,2.551916948176763,8.439727260062762,1.255175091010642
413,2.5582502564984586,8.45912171785029,1.2551590965345856
414,2.5645837876363458,8.478516148934549,1.2551431399910473
415,2.570917572391099,8.497910466301162,1.2551272395485826
416,2.5772517001725643,8.51730470292387,1.2551114542754236
417,2.5835862275772903,8.536698698702676,1.2550958446854439
418,2.5930887941144274,8.565789628818056,1.255072678984606
419,2.599423958542554,8.585183520192363,1.2550572205914419
420,2.60575926326954,8.60457733211101,1.2550418154621426
421,2.612095023584386,8.623970959520891,1.2550267857425168
422,2.6184308548840027,8.6433637564651,1.2550692574867595
423,2.6247629236172436,8.662755840490808,1.2554464137678167
424,2.6301342005479706,8.67920127191138,1.2536141139448898
425,2.634116719824104,8.69126457186875,1.248232286031072
426,2.636821623028576,8.699293916772133,1.2409133359584603
427,2.638915263106726,8.705377897740506,1.2365617656175831
428,2.6405812850037984,8.710191353438098,1.2420089439429776
429,2.641661677024388,8.713402906294569,1.2613787722642174
430,2.6424888551508556,8.71603726146963,1.2883239688163906
431,2.6432235443996053,8.718643184597049,1.3153447930620628
432,2.643886132303156,8.721264467725627,1.3423990275583815
433,2.6444608274428925,8.723827735611987,1.3694397498587938
434,2.644964578755367,8.72639926085283,1.3964394313088953
435,2.6453980435400153,8.72898271160187,1.423405999456096
436,2.6457530442191057,8.73151651249385,1.4503409790918473
437,2.646038798981983,8.734053949896213,1.4772511389046896
438,2.64625119814442,8.736541064206792,1.5041514907160967
439,2.646395504350277,8.73902875006102,1.5310562147495548
440,2.6464423678055087,8.740273533535742,1.544515375199958
441,2.6464866066437365,8.74283848069387,1.5714479433414925
442,2.6464612425440683,8.745409189686693,1.598411020969964
443,2.646272264767037,8.749722876558172,1.6379910534010371
444,2.645965585814682,8.753563291910876,1.6655066936546206
445,2.6452676852026835,8.760022499085755,1.7009843696596265
446,2.6426709991441695,8.776484562820967,1.7564256525669968
447,2.637377756756398,8.801266380741884,1.8105875870815549
448,2.632696891030039,8.819469603009004,1.8376840843535176
449,2.624418012775818,8.848636466177991,1.855109971743809
450,2.6157713095768518,8.878005506072423,1.858488927367364
451,2.6099677446573932,8.897556757076941,1.8606938484660067
452,2.6044018380576217,8.916170373006272,1.861918973618605
453,2.59703814852237,8.940998026231465,1.8551170703868212
454,2.592222689945202,8.957479512364948,1.8559684416357627
455,2.58495988005832,8.982091054204393,1.859256911271539
456,2.576868859334102,9.009410977493465,1.8584671044901369
457,2.5681805625885428,9.038576349524698,1.8636058180631248
458,2.5593054190339766,9.067681903287685,1.871113642369133
459,2.5532513320009,9.087061683848859,1.87785244383504
460,2.5437198402024976,9.116080479674762,1.9052417716141965
461,2.533277383765483,9.144749247669482,1.9391952980784004
462,2.525774335353752,9.163656696589651,1.9618114466117518
463,2.5178474951749585,9.182391856313789,1.9841004688480566
464,2.5051516337752013,9.21017429095865,2.0202037240353894
465,2.496109895218881,9.22842389047813,2.0451769771886807
466,2.486649451139681,9.24646002261981,2.064989293935177
467,2.4718645948135904,9.273215083026376,2.0879425811103567
468,2.4616881138696773,9.290855852358078,2.1023667584728107
469,2.451248554037783,9.308379737709659,2.115382061752664
470,2.445951245739649,9.317099840620394,2.1187132566186513
471,2.4406308779064094,9.325797771494607,2.120885094069795
472,2.435294268926505,9.334485220974404,2.1231872539201495
473,2.4245591419583037,9.351821311486747,2.128099753724193
474,2.413738695581956,9.369103704995496,2.132996704244757
475,2.40283621123611,9.386334901312049,2.137615050985121
476,2.391854884629832,9.403517015095812,2.142045292641163
477,2.3807983958202446,9.420651056726369,2.1463133797954606
478,2.3696707562347163,9.437739300773284,2.150294734122436
479,2.3584769567893153,9.454784568919903,2.1540575980533747
480,2.347233184534438,9.471816614813644,2.153692417218493
481,2.336013245820862,9.488859946602748,2.151937459312216
482,2.3192414256101834,9.51446526958177,2.1490344553471945
483,2.3025508387976017,9.540124674039445,2.145544958273111
484,2.2860078220956024,9.565903256426594,2.1350755251450644
485,2.269762482810616,9.591867252130008,2.1234746845060797
486,2.2538181701339868,9.618016516020258,2.112067977500802
487,2.2433540506947907,9.635548588911272,2.1045659627155757
488,2.2279033869082694,9.661992845776203,2.09338325067775
489,2.217768117126064,9.679719700141634,2.085759320247535
490,2.2028208402875817,9.706454678158908,2.0742687060315155
491,2.1930211308916934,9.724367084606664,2.067643067496463
492,2.183334850444247,9.742338436199658,2.0618163294477783
493,2.168992797124129,9.769393188561837,2.053946067224209
494,2.159549170068389,9.787490751438723,2.048703382589407
495,2.150201338835918,9.805637687959083,2.0433676436879793
496,2.140949920396844,9.823834162695814,2.038162011483181
497,2.1317865845162673,9.842073813144495,2.034038972979767
498,2.118170055704642,9.869503991233115,2.0276516945896135
499,2.10922604455171,9.88786406530694,2.0189367799713325
500,2.100438339728371,9.906297431609351,2.011183247435773
501,2.091789574228868,9.924794647481997,2.004125873069038
502,2.0790467632853877,9.952642693317928,1.9949880876897743
503,2.07068737041632,9.971267510069682,1.989531278835477
504,2.0624279926052336,9.989935731744355,1.9843188587203209
505,2.0502237151435505,10.018019649186193,1.9761933681909338
506,2.038250915987191,10.046205524289796,1.967852673897964
507,2.0265069952780257,10.0744871864281,1.9601649694523071
508,2.022639926446224,10.083933540092909,1.9577352425541137
509,2.0187958182712906,10.093389017994538,1.955350562206833
510,2.0149739370306676,10.102853340963433,1.9530506174662536
511,2.011173804870784,10.112326144503282,1.9508641662594892
512,2.0036340579868877,10.131294616585505,1.9467460591416519
513,1.9961709529359402,10.150292446611216,1.9429048350319549
514,1.9887780919609899,10.169316257587644,1.9394543243498603
515,1.9814489113707996,10.18836397861596,1.9362847615821501
516,1.9741787200623109,10.207434045801968,1.933268067774134
517,1.9705651304536738,10.216977350402031,1.9317488384673729
518,1.9598117739542846,10.24564115536121,1.927121258819207
519,1.9491924736661854,10.274355804397949,1.9223228414662064
520,1.9421912793116567,10.293528083843515,1.9189083502116044
521,1.9352566904853816,10.31272477022578,1.9153773935176763
522,1.9283911988456988,10.331946080872989,1.9116545683622883
523,1.9215989855778022,10.351193750851568,1.9077072868589033
524,1.9115561937252143,10.38011704494343,1.901527217604375
525,1.9049629667463275,10.399435709586442,1.896981229153285
526,1.8952480289300795,10.428475794958674,1.8892194313945974
527,1.8892133612713535,10.446942693482834,1.8820955024559474
528,1.884485939251877,10.461942032724489,1.8650780666274778
529,1.878256848813889,10.483574172200472,1.833371376553262
530,1.874483057541512,10.49809035741677,1.8131982388577794
531,1.8708632629657982,10.513670010892858,1.7742648181743497
532,1.8697483323729471,10.519427291139166,1.7416051393472909
533,1.8675934503512026,10.53410113396816,1.6894523100185954
534,1.865989486245576,10.549492143001945,1.6533705375087435
535,1.8647465744458758,10.570388858161667,1.598188871093141
536,1.8645560112791966,10.583949903570538,1.564041002075278
537,1.8647463954832324,10.594388760777758,1.5316690360396203
538,1.8651572837787924,10.602592405403941,1.5028342818693825
539,1.865794347507732,10.610767261805442,1.4769758844786136
540,1.8671395452514685,10.622988264409251,1.4388559521519468
541,1.8684352284483048,10.632060487951934,1.4140455232174
542,1.87221403861081,10.653814011226984,1.381698024998232
543,1.876069184080841,10.673154259575998,1.3628657132792705
544,1.8804081508814272,10.693122291658387,1.3480823714357173
545,1.8850307960713597,10.71302881302346,1.3340663787575766
546,1.8874468128148685,10.72295738195838,1.327069991859562
547,1.8899314655346995,10.732867443971612,1.320173661622486
548,1.8951023658143427,10.752634105328113,1.3068453247884049
549,1.9005335279439959,10.772331433356067,1.2939075859526752
550,1.9062176184279973,10.791958337288166,1.2811823686837849
551,1.9121497475362106,10.811511182488275,1.2685634845095737
552,1.9183274533377894,10.830985966092625,1.255986576606587
553,1.9247471676025676,10.850378813254869,1.2436882067215247
554,1.9314014092878122,10.869691278398129,1.231781473130549
555,1.9382840077276422,10.888923887079157,1.2201025399598584
556,1.945378403861995,10.908077984293374,1.2103305249068643
557,1.9563554433576786,10.936678394255347,1.196377740390503
558,1.967732948360103,10.965122891658156,1.1822563426965544
559,1.979511008915658,10.9934019716647,1.1682104887977756
560,1.9916781642012271,11.021513070883989,1.1546707532633846
561,1.9999988468117151,11.040161187135855,1.1458097663196445
562,2.0127856345539907,11.067991938897494,1.1327195528140928
563,2.0215081522689955,11.0864513239151,1.1244880755505449
564,2.0348692857067174,11.114008658981525,1.112757879865345
565,2.048548112750703,11.14141209187277,1.1014510863234495
566,2.062532880441487,11.1686593596147,1.0903754759250186
567,2.0720213868419064,11.186736503759569,1.0831195774015014
568,2.08163857831218,11.204744525693869,1.0761877112702536
569,2.091378101276813,11.222686335729431,1.0695075942351326
570,2.1012355075966385,11.240562621706351,1.0629962969899673
571,2.111206618113233,11.258373323686245,1.056774750832772
572,2.1263634996264096,11.284975556414041,1.0480556594794561
573,2.1417477266825564,11.311450377726574,1.0397769685882132
574,2.157347591610481,11.337799110876366,1.0317562621123704
575,2.1731511782098663,11.364021291885935,1.0242664555611942
576,2.1891431070218306,11.390128325910888,1.0173828403668475
577,2.1999019362436876,11.40747267038923,1.0129959711642191
578,2.210735173251708,11.42476922880549,1.0087385107884055
579,2.2216400563097314,11.442019139081003,1.0046933322937193
580,2.2381254717634507,11.467813858354955,0.9989145576601052
581,2.249197966110925,11.484959221292504,0.995190229855286
582,2.260334104772268,11.50206385567337,0.9915388935889027
583,2.2715315054553,11.519127381471668,0.9879452154211361
584,2.2827890680190035,11.536149841223063,0.984444624437932
585,2.294103595468459,11.553133287558342,0.9812539154541252
586,2.305470779124483,11.570081565595096,0.9783095595089196
587,2.316886027194382,11.586996980486894,0.9755334009323066
588,2.3283467447785258,11.603880505993493,0.9728739367126402
589,2.339851582969058,11.6207336452133,0.9702958240775502
590,2.351398993883582,11.63755751898354,0.9678761750073633
591,2.362986433790161,11.654355143461984,0.9656547874925797
592,2.3746099671882943,11.671128135518721,0.9635710929166686
593,2.3862672732953722,11.68787697221903,0.9615863583442724
594,2.397956938836078,11.704602137565608,0.9596967397035007
595,2.4096766704019776,11.721305398504548,0.9579953112913822
596,2.421423713384395,11.737989698183462,0.9564404282361665
597,2.4331955622174806,11.754656028071432,0.9549868212792003
598,2.4508949400472493,11.7796236646067,0.9531108642959513
599,2.468637304577249,11.80456050036068,0.9515693425277436
600,2.4864166054729835,11.829473248791944,0.9502137502332239
601,2.4982877417650995,11.846069038407826,0.9493765806033813
602,2.5101723001180725,11.862654512729527,0.9485785911158959
603,2.5220695901569314,11.879230173404874,0.9478109480034362
604,2.5399388312210744,11.904077132374747,0.9467019448802311
605,2.557834957909767,11.928904310577316,0.9456312360509628
606,2.5757569036298515,11.953711515365017,0.9445872307527908
607,2.593704816834509,11.978500800755901,0.9435591164854826
608,2.6116789893863817,12.003273001584299,0.942546366324188
609,2.629677978775461,12.028026903995922,0.9415570323822258
610,2.6477003407256667,12.052762666500847,0.9405940786702958
611,2.659728526673014,12.069243525471228,0.9399656988113839
612,2.671767075149532,12.085716730530363,0.9393473104007805
613,2.683815148437597,12.102182165181217,0.938760197442695
614,2.6958713645433257,12.118640562384826,0.9383134318216273
615,2.7079343491137653,12.135094109693844,0.9379765015074139
616,2.720002877401673,12.151544477147675,0.9377123604041717
617,2.7381131562620027,12.176215720647225,0.9374063593467079
618,2.750190305603974,12.19266025448545,0.9372455147094603
619,2.7562297578095234,12.200881556869716,0.9371750038064108
620,2.7622697321008536,12.209102326737188,0.9371099361042908
621,2.768310222471906,12.21732270713861,0.9370495535089068
622,2.780392625354263,12.233762649830298,0.936940340832203
623,2.792476592208982,12.250201425498718,0.9368435592256658
624,2.798519140208693,12.258420220806542,0.9367989948794857
625,2.8106051384104074,12.274856784191913,0.9367155912151924
626,2.828736358786494,12.299509406874009,0.9365985095172952
627,2.8468712446738267,12.324161167025787,0.9364857052576413
628,2.858963025676081,12.340595078181837,0.9364149932325837
629,2.877102528223171,12.365244002894025,0.9363219406945359
630,2.8952436493078513,12.389890807685552,0.9362459997960402
631,2.9073386940736516,12.406321246500811,0.9362035969904254
632,2.9194343710968425,12.422751240832717,0.9361669944036753
633,2.9375785030892,12.447394629366986,0.9361202318706009
634,2.9496749868675343,12.463823123320159,0.9360911566361743
635,2.9678214489024732,12.488465998952371,0.9360480047249917
636,2.9799202007587837,12.504894720279216,0.9360219174999405
637,2.9980684689432633,12.52953710266821,0.9359933360954114
638,3.0162169365058844,12.554178401327949,0.935980454009558
639,3.0283162765020766,12.570605565220239,0.9359797154044593
640,3.046462890619931,12.595246996509012,0.9361667819865137
641,3.058556090953567,12.611677025893663,0.9364386417707343
642,3.070644457964781,12.628110338325845,0.9367814961467413
643,3.0827273280327607,12.644548254871108,0.937169522886127
644,3.0948039216706555,12.660991666576187,0.9375869488491703
645,3.112905446300212,12.685667153300606,0.9382520000543748
646,3.1309896864081828,12.71035412791316,0.9389524049062234
647,3.1430361740042154,12.72681876437917,0.9394326337671542
648,3.1610906879779552,12.751527217195692,0.9401657619892864
649,3.1731169188224544,12.768006257309901,0.9406604038849589
650,3.191139950635186,12.792735995253366,0.9414060129249184
651,3.2071789881851815,12.814826603062604,0.9467462658218692
652,3.2168244333693643,12.828365971121203,0.9613349502134337
653,3.2330414083404784,12.85242568756448,0.999793529028396
654,3.249150353029991,12.878374754354702,1.031130857136881
655,3.2646944901703585,12.904715920143873,1.044497979476742
656,3.2748816671509924,12.922376761384962,1.051866780631116
657,3.2799275773245475,12.931234324020188,1.0553872436952618
658,3.284942482877813,12.940109485915515,1.0588096263663358
659,3.2948823250124133,12.95791039225223,1.0654274836412494
660,3.304706795453243,12.975776481196423,1.07178325316744
661,3.314421430464113,12.993704589243364,1.0777338768664304
662,3.324032021049485,13.011690036382939,1.0833871626397091
663,3.3335440866486974,13.029729380176125,1.0886434557725828
664,3.34296467703188,13.047816512922873,1.0934639677510836
665,3.352301686347167,13.065948408943218,1.0977346859926107
666,3.361566543730783,13.084117546084512,1.1014168760534337
667,3.375346653613526,13.111432816077217,1.1060749332531195
668,3.389030624101036,13.138800984026018,1.108057194864109
669,3.3981353840378157,13.157056889482961,1.1081801991353153
670,3.407244189201904,13.175313277388792,1.1076006059428123
671,3.4163686873041206,13.19356387154786,1.1065161984653655
672,3.4255160499819777,13.21180445525071,1.1050631150538983
673,3.4346920562061203,13.230030685130574,1.1033347250845462
674,3.4439010133906764,13.248240097798137,1.1014142100680466
675,3.4531467646379514,13.266431010951623,1.0992798146892386
676,3.462432702353834,13.284601876324881,1.096983970781296
677,3.471761066871454,13.302750818607564,1.094574628120668
678,3.481134166888719,13.32087635017903,1.0919651072343752
679,3.4905568531136084,13.338976584003047,1.0890503558994262
680,3.50003690924894,13.357048693831569,1.0855946216183534
681,3.5095875325769486,13.375087381049662,1.0810789522324489
682,3.51923043367406,13.393080398213936,1.0752997470094157
683,3.5281692813938066,13.409496974386396,1.0667860815125645
684,3.5366584041272975,13.424732554631529,1.054977911587029
685,3.5431959061788354,13.436119680634743,1.0402686250806517
686,3.5492569879914315,13.446305010021588,1.0245231316188923
687,3.5554711895516196,13.456383362626143,1.008872569665286
688,3.5603857565255614,13.464085886144284,0.9928395524081008
689,3.564897546060137,13.470920878455996,0.9792529164403495
690,3.5712629293803864,13.480261480733777,0.9632614625999392
691,3.5728436961419106,13.482526448840002,0.9559741562976285
692,3.5728866664531465,13.48258820048279,0.9526434269727917
693,3.5728897334403835,13.482591586729022,0.9523292893994812
694,3.57289457469412,13.48259766667268,0.9517177151730045
695,3.572896525222553,13.482600572835118,0.9511234811635976
696,3.572898380595888,13.482603088022504,0.9505486626175971
697,3.572900185840513,13.482605538425688,0.94998999693572
698,3.5729014133413104,13.482607485675866,0.949443668616551
699,3.573452795698631,13.483379693999852,0.949492155799144
700,3.576551313294113,13.487718470046078,0.953040018159535
701,3.579092459697517,13.491300711183676,0.9559204864476849
702,3.5861291047247983,13.501326664010366,0.9632420583748867
703,3.595712607123664,13.515217202753954,0.9720423392360066
704,3.606965595750125,13.53184070631646,0.9806454533668636
705,3.6182810188341765,13.548823357353372,0.9858931000736225
706,3.6295160425905952,13.565843985393956,0.9891584319060298
707,3.6407055059115083,13.582898150235616,0.9913124457680421
708,3.646288044509564,13.591433711517277,0.9920957892146077
709,3.663003680053905,13.617063451790159,0.9936653462482755
710,3.679688469756804,13.642715696176143,0.9946813230839132
711,3.7018966796255217,13.67694170222569,0.9958170384715151
712,3.718528283667124,13.70262652287993,0.9965860500885171
713,3.729606183744958,13.719757853917008,0.9970783931929551
714,3.7406760045644862,13.736895231356831,0.9975624447846634
715,3.7517376583711393,13.754037866614993,0.9979983449897217
716,3.7627933322576173,13.771183951224492,0.9981665788162611
717,3.7738477815734246,13.788331101719256,0.9981259972250511
718,3.7849043075507343,13.805477295553647,0.9979503687051022
719,3.7959647537521692,13.822621351817892,0.9976875782350455
720,3.8070296671198585,13.839761815553375,0.997368713644985
721,3.8181000090221673,13.856898259753056,0.9970138264657971
722,3.8291767792880487,13.874030842637332,0.9966360056670784
723,3.840260819683006,13.891159803103193,0.9962444985733128
724,3.851352064840485,13.908285191397566,0.9958463309758244
725,3.8624499842978635,13.925406107808836,0.9954470914664454
726,3.873554438364238,13.94252230481409,0.9950506526964256
727,3.884665390881846,13.959633590287153,0.9946592306197857
728,3.8957832382731605,13.976740675692747,0.9942737475836079
729,3.9013446235609353,13.985292595018606,0.9940832884943162
730,3.906907570129358,13.993843471394705,0.9938942943515182
731,3.91247202656483,14.002393255306458,0.9937066956653711
732,3.9180380107609527,14.010941898186937,0.993520421734899
733,3.9291745505613496,14.028035618902205,0.9931513726810565
734,3.9403174095173314,14.045125126306234,0.9927862012831444
735,3.951466973856052,14.062211349377892,0.992424616188185
736,3.962623067557503,14.079294238414347,0.9920675267415342
737,3.973785308683353,14.09637344182762,0.991716505287634
738,3.984953120829296,14.113448182525905,0.9913729259547369
739,3.996126725490293,14.130518746916884,0.991037337370864
740,4.007305830060108,14.147585589776382,0.9907093741567106
741,4.018490540402768,14.164648998742027,0.9903885549654308
742,4.0296805962934,14.181708444297673,0.9900741744537693
743,4.040875592089811,14.198763922336711,0.9897649994476455
744,4.052075713849619,14.215815871918778,0.989459785775885
745,4.063281433856181,14.232864896901022,0.9891580211908715
746,4.074492811361963,14.249911473144403,0.9888602780035328
747,4.085709286420996,14.26695484667249,0.9885680705862459
748,4.096930540829029,14.28399469166117,0.988282796030418
749,4.108156262021491,14.301030767923802,0.9880050258767696
750,4.119386727184816,14.318063842708554,0.9877345757589165
751,4.130621681558203,14.335093997328054,0.987470889178917
752,4.141861030544756,14.352121127715339,0.9872133133031723
753,4.153104361988172,14.369144809364036,0.9869607902880754
754,4.164351858872512,14.386165434595945,0.9867120741504418
755,4.175603914710816,14.403183782706831,0.98646640310105
756,4.181231559398736,14.411692163288121,0.9863673012287085
757,4.192489078091223,14.428708034550757,0.9862835840314961
758,4.203746918714632,14.445723301689254,0.9863109488566755
759,4.215003381928122,14.462738718590224,0.986414390184071
760,4.2262574698200615,14.479755188528495,0.9865702483470358
761,4.237508687052049,14.49677354010996,0.9867623859948096
762,4.248756449136081,14.51379423909817,0.986979772976966
763,4.260000093643555,14.530817110719168,0.9872146786314699
764,4.271239321030028,14.5478423666318,0.9874613467560635
765,4.282474370088233,14.564870195364058,0.9877157063818058
766,4.288090420743468,14.573385465067409,0.9878449117076316
767,4.293705496826443,14.581901687451428,0.9879752740138533
768,4.299319521646221,14.590418755893896,0.9881067913605998
769,4.304932484683695,14.598936678154358,0.9882395272748943
770,4.316155019181154,14.615974865619062,0.9885090847993107
771,4.321764481999982,14.624494959300709,0.9886460933867429
772,4.33297960602335,14.641536979744533,0.9889246794845602
773,4.344189903398541,14.658582121790024,0.9892090569303883
774,4.35539532898948,14.675630481194307,0.9894986434570715
775,4.366595835174446,14.692682127920971,0.9897927267681961
776,4.372194051205295,14.701209074302884,0.9899411390384741
777,4.388980660897985,14.726794178535306,0.9903901900909693
778,4.4001656109365195,14.743855228507261,0.9906915669671592
779,4.416934111650031,14.769454537285425,0.9911465631386837
780,4.428106677726771,14.786525374379721,0.9914535707691587
781,4.439273883893432,14.803599309267488,0.9917651339098321
782,4.450435522748914,14.82067625177932,0.9920817659421237
783,4.461591632845726,14.837756842443893,0.992403267628677
784,4.472742305875122,14.854841121919097,0.9927292709507072
785,4.483887268754584,14.871928860394416,0.9930591160747987
786,4.495026247870521,14.889019865287123,0.9933918134334135
787,4.5061593542012295,14.90611431962204,0.9937263057344826
788,4.517287146887546,14.923213037374905,0.9940620657892785
789,4.528409649828308,14.940316035950525,0.9943995050172879
790,4.539526482662111,14.957423324175528,0.9947397686581725
791,4.550637301151384,14.97453393367505,0.9950842371849458
792,4.556190396602094,14.98309057766486,0.9952582565443674
793,4.567291922342622,15.00020668778475,0.995609910063953
794,4.578387436599476,15.017326604932924,0.9959662772746046
795,4.589477016222709,15.03445061084828,0.9963268876116594
796,4.600560019085873,15.051578231255782,0.9966908819313182
797,4.611636364961555,15.068709644586889,0.997079832313363
798,4.622705167732414,15.085845590141897,0.9976044389776673
799,4.633764492511368,15.102988275188673,0.9982360396069077
800,4.6503321927689925,15.128717193386434,0.999309762044358
801,4.666870858770858,15.154464231367626,1.0004761617915907
802,4.683378326462827,15.180230093591973,1.0016970215931857
803,4.694365703264359,15.197418693410475,1.0025298115403227
804,4.699853988272405,15.206016429526086,1.0029501220448815
805,4.705338567225076,15.21461648001068,1.003372436582823
806,4.710819463164665,15.2232187801998,1.0037963855792695
807,4.716296596304365,15.231823149871577,1.0042216442367002
808,4.72723987482642,15.249038680401688,1.0050749527361742
809,4.738168548095114,15.266263857533193,1.0059305713115012
810,4.749082881967111,15.283499020034444,1.006787971505265
811,4.759982862615436,15.300744160089563,1.0076476596989172
812,4.770867796923012,15.317998475158074,1.0085103452910815
813,4.781737549214787,15.335261842445123,1.009376676173068
814,4.792592132727553,15.352534322449628,1.010246848257383
815,4.80343186185211,15.369816350203559,1.0111206841199256
816,4.8196628211005885,15.395757048442837,1.012436772995458
817,4.830464159376138,15.413062336564003,1.0133164973061803
818,4.84125012286478,15.43037675713295,1.0141971912047263
819,4.852021221550059,15.447701181986565,1.015078581107957
820,4.862777382560478,15.465035784534496,1.015961009103989
821,4.873518445168755,15.482380254253469,1.0168453886326283
822,4.878883180269498,15.491055995858863,1.0172886167355906
823,4.894953801506065,15.517096706424898,1.0186235023365824
824,4.905648003276897,15.534468976772114,1.0195408076288184
825,4.916325324677546,15.551851374722936,1.020596360052013
826,4.932304414484636,15.577946855135039,1.0223714977930831
827,4.942930159713947,15.595359349615439,1.0236331438383317
828,4.958827067214492,15.621503740087668,1.0255923490983938
829,4.969396721493959,15.638951631632217,1.026926135045068
830,4.979943212646971,15.656414052340264,1.0282743037056175
831,4.990465969946231,15.673890402713232,1.0296331729227104
832,5.000964666103009,15.691380782292072,1.0310003966839383
833,5.011439149647593,15.708885329750526,1.0323743046817953
834,5.021889706175599,15.726404307858209,1.033753784251103
835,5.032316138817475,15.743937522583979,1.0351373236915626
836,5.042717903221593,15.761484859106154,1.036523304164662
837,5.053095049441124,15.779046426203848,1.0379108366478513
838,5.063447991753271,15.79662238965369,1.0392996560460959
839,5.073776960570882,15.814213523299749,1.0406898695669893
840,5.08390440557211,15.831514740568977,1.0418594476217014
841,5.09375795730057,15.848384183775178,1.0425859002323965
842,5.10359318670367,15.86525523909784,1.0436213499331821
843,5.108503678946328,15.873694256028596,1.0442206211121545
844,5.113408941519618,15.882136132696909,1.044861001747114
845,5.123202829305328,15.899029444688752,1.0462360586281374
846,5.132352166473938,15.91485831376155,1.047307875270342
847,5.1414215660991225,15.930588259504797,1.0485165884852368
848,5.150468443194586,15.946326362583378,1.0499344321483293
849,5.159491736579302,15.962077031934815,1.051489630084102
850,5.168490139098409,15.977842369787606,1.0531355797485142
851,5.177462545368728,15.993623299387753,1.0548417324522605
852,5.186244541657599,16.009131124731038,1.0565108295023962
853,5.1947642861451255,16.024232026239137,1.0580609458047912
854,5.203093358840353,16.03905131654455,1.0597548341938907
855,5.2111596704544,16.05346091966331,1.0615763367172073
856,5.219195502720667,16.06787899023098,1.0634949165629881
857,5.2269572588969195,16.08187041371045,1.0655629148754804
858,5.238018977428625,16.101940441646423,1.0690749181655674
859,5.249003684984272,16.122038546357224,1.0725982804074865
860,5.2591843493062775,16.140825048632877,1.076600774143645
861,5.268812120632463,16.15877531642139,1.080973965913331
862,5.275185948136884,16.170763046389258,1.0838440690691025
863,5.284682697444804,16.18877960750262,1.0881130311713565
864,5.290971441707751,16.200813197132323,1.0909450911436394
865,5.29954927508404,16.217384473241523,1.0962177126501025
866,5.307983243087951,16.23389271077102,1.101415774241928
867,5.313558486474153,16.244921493399147,1.1047846382323336
868,5.321852423268391,16.261499724321865,1.1097593373957868
869,5.3272880875816515,16.272477919781235,1.1130539624494624
870,5.335367318274905,16.28896578881518,1.117993487011451
871,5.3407080068225365,16.299979461666396,1.1212861561113008
872,5.3460123656531975,16.31101038007281,1.124579603809302
873,5.351280560712145,16.32205877945025,1.1278749367866054
874,5.359114439545722,16.338663912273425,1.1328234002063298
875,5.364178256963038,16.349516070878224,1.1364219886794282
876,5.368986174803356,16.359923504382405,1.1407231020942337
877,5.373743517938366,16.370337757451143,1.1447952474899405
878,5.378029200632063,16.379827694163033,1.1497563619423623
879,5.380118103785097,16.384500752990775,1.1522875618350685
880,5.3842598956742815,16.39386045480445,1.1571477926956524
881,5.3883565150446255,16.403238700843758,1.1618229319084303
882,5.392409804018702,16.412635976378567,1.166381338378291
883,5.3964206055419925,16.422051439359155,1.1708669305292505
884,5.400389283347554,16.43148483988595,1.1753082575880482
885,5.40400053424083,16.440184395717942,1.1809579182098098
886,5.407500805638659,16.448757202429444,1.186718968369261
887,5.41095178755045,16.457347837734982,1.1922501341856317
888,5.416040180087596,16.470268770051913,1.2002948443109749
889,5.419375154145594,16.478905168619832,1.2055615971784583
890,5.42266473988561,16.487559017621248,1.210786075669428
891,5.4269395276499095,16.49905656297002,1.2210356003378913
892,5.4310322730402,16.510427603081418,1.2312917207129257
893,5.435009237388717,16.52183891891766,1.2412862356600007
894,5.437597587035149,16.529468422413807,1.2478783880518485
895,5.44013572354123,16.53711495938817,1.2544434393156774
896,5.442510222408222,16.544428257605,1.2611002102268467
897,5.4448266077038205,16.551729718849415,1.2679078102992536
898,5.4470925881361465,16.559046072792505,1.2748164241781854
899,5.449307747091059,16.566377590827162,1.2817949829812672
900,5.45147175541868,16.57372444520889,1.2888240578666463
901,5.453583954162489,16.581086001460616,1.2958913096803444
902,5.456654081115846,16.592155905686987,1.3065483455647287
903,5.4586348306899275,16.59955370552585,1.3136847085554928
904,5.461478721086274,16.61056673235197,1.3244796767322915
905,5.464201606710364,16.621603700811605,1.3353849968867033
906,5.466802767396704,16.632669118337216,1.346369744240631
907,5.4692823118914555,16.643761521983574,1.3574203328132433
908,5.4716384268880764,16.654880076030334,1.3685301441792108
909,5.473851669768973,16.66593600956105,1.3802872146127203
910,5.475699108428338,16.675859454775654,1.3967735301777537
911,5.477374715154384,16.68576075075627,1.4121463217816699
912,5.478902042572267,16.695687552297084,1.426709016362723
913,5.480286465561448,16.705636518447804,1.4409159078787814
914,5.481523491940072,16.715549698287155,1.4550071557610968
915,5.482605161102411,16.725345311567693,1.469252475371712
916,5.4832482976238826,16.731882941584825,1.478841105849428
917,5.484094714390145,16.741699853110244,1.4933327975038064
918,5.4845797742592275,16.748250373470377,1.5030579470057608
919,5.484921306120467,16.753609355644052,1.5151943670061938
920,5.485185777476122,16.758803540399214,1.5285069344493951
921,5.485380099736169,16.76399653471396,1.5421626321258683
922,5.485502555730397,16.76919032925858,1.5560566622231364
923,5.485552366057195,16.774384887042597,1.5701237527502465
924,5.485490789939394,16.78193529115664,1.592237156539891
925,5.485276684506009,16.788643955281774,1.6185999844041887
926,5.484882113120102,16.795327395610226,1.6455740716098342
927,5.4843057360577445,16.801996720427727,1.6729596484955167
928,5.4838233232803475,16.806396209238798,1.6914440053730586
929,5.483259493589069,16.810783101299197,1.7101248004188352
930,5.482613248620328,16.815158317035383,1.7289679941216824
931,5.482024884811116,16.818656592507907,1.751570158782836
932,5.481064375169428,16.82346973657282,1.791146046532282
933,5.480353386436772,16.826491922882305,1.818476942433176
934,5.479129843204856,16.83098191379217,1.8606950869290853
935,5.477717668495281,16.83540790090552,1.903883997310963
936,5.476120740925094,16.839750229969034,1.9478251108138924
937,5.474961020083021,16.842577131266772,1.9774425192901
938,5.473733018193268,16.845333205015013,2.0073010824083077
939,5.471737659749605,16.849395890531422,2.0524358904473594
940,5.470305837492286,16.85205238614858,2.082697990406092
941,5.46879469112125,16.854665363097705,2.1130546726805948
942,5.466127310460663,16.85889833148527,2.158677072823252
943,5.464233096573649,16.861667325989863,2.1890959261415595
944,5.462254943280169,16.86437910915547,2.2194729501283925
945,5.459136040757197,16.868333349001663,2.264878360232251
946,5.455841130596139,16.87214541986894,2.3099896028589257
947,5.453296536525961,16.874875943137692,2.339847093157831
948,5.450648933532172,16.877553584511386,2.369499352583721
949,5.446530862800491,16.88142279771893,2.413537425699776
950,5.442248029911134,16.885109701603486,2.4569835539732403
951,5.439306437053003,16.88746378820621,2.4855949488399762
952,5.435948163425994,16.8899969328704,2.513914670246075
953,5.434227500771291,16.891239043973002,2.5279656564818382
954,5.432372033447695,16.89253781665107,2.542473624462371
955,5.430165629907947,16.894035714833677,2.557767531431833
956,5.427896295436498,16.895525390237164,2.5731602096120416
957,5.423289711590006,16.898401164022786,2.6028929744238987
958,5.418597493506641,16.901142131928893,2.6315562723983525
959,5.41382873727096,16.90375007645157,2.659446635894382
960,5.4089385001742585,16.90625130123988,2.686769949042581
961,5.403913067063504,16.90865195098617,2.713673280822401
962,5.401376752615376,16.909801764295118,2.72700267018403
963,5.396259371990383,16.911999801405646,2.753470750026988
964,5.390406015098993,16.914326261656868,2.7802782792796754
965,5.3835370171992905,16.916845391234016,2.807874644183896
966,5.373092165464937,16.92027997810085,2.847453094268763
967,5.362519337509245,16.92330463036998,2.885870510011922
968,5.351840262697242,16.92592291718315,2.9237943897946006
969,5.343858403175954,16.927607920777955,2.9496243553777095
970,5.3347573169418085,16.929284220179788,2.9763906170066345
971,5.321011162859373,16.93135302806529,3.014361373311087
972,5.307194702228459,16.93290644851279,3.0511431187627864
973,5.297956196064923,16.933659571301785,3.0754494327083743
974,5.288631220311381,16.934191384184263,3.099748885303259
975,5.279204555985405,16.93449910773908,3.124089751083547
976,5.269772484727572,16.93457636947354,-3.134640821403106
977,5.255629098123636,16.93425708373144,-3.097632743811584
978,5.245434158155302,16.933702699036928,-3.072029683851183
979,5.234076139740456,16.932786188341183,-3.043535337834794
980,5.222749535830522,16.931546005302373,-3.016096290239595
981,5.205858616757233,16.929122073222153,-2.9771484064861746
982,5.189071431834644,16.92604897029791,-2.939224032327235
983,5.172411475682682,16.922342256961073,-2.9015234936762986
984,5.16018673152207,16.9192181074976,-2.877094708292678
985,5.147992006745582,16.915783550764775,-2.852882525478911
986,5.13588155875676,16.91205333607628,-2.8286116220131916
987,5.123864669290065,16.908028453882665,-2.804261695058532
988,5.109535501634238,16.90283939894352,-2.780764472446969
989,5.094769400143048,16.897109018485416,-2.758672407468695
990,5.0728510480929065,16.88790236077559,-2.725852592690892
991,5.06561233127362,16.884674018633103,-2.7149688210568534
992,5.051242334759203,16.877981834479144,-2.6932685919769472
993,5.044112661150757,16.87451921646618,-2.6824509932804514
994,5.029967404484593,16.867364021323194,-2.660884292364839
995,5.015213057807086,16.859504157900993,-2.640683961649975
996,5.0005820012832105,16.851331416772876,-2.620784613791897
997,4.986114706006753,16.84286769334321,-2.600835712580919
998,4.971818632749121,16.834116674512696,-2.580922338277375
999,4.9576988645060895,16.825083042195544,-2.5611045585096046
1000,4.942725739006029,16.81509313811179,-2.543078503750219
1001,4.920517838831149,16.799560314758768,-2.516990265908445
1002,4.905938226551367,16.788885439271166,-2.4997628071453506
1003,4.8915438768187816,16.777962036306167,-2.4827209220204938
1004,4.877100463932956,16.766611724983306,-2.465984470933579
1005,4.8557599248429355,16.749115887969715,-2.441573209546381
1006,4.834842569732815,16.731109713351657,-2.4179224450913495
1007,4.814347334622841,16.71261706023157,-2.3949808901939758
1008,4.800917820295329,16.700030838526867,-2.380059892123267
1009,4.780264833496745,16.67998169264554,-2.3606154375969446
1010,4.75985353131308,16.659410003582074,-2.3422001329397206
1011,4.7464557408571055,16.645490398009994,-2.3302234489955045
1012,4.726649579431499,16.62429429937633,-2.3127001997746244
1013,4.70721160891426,16.602757570636896,-2.295693037532922
1014,4.688134286400729,16.58089435285203,-2.2791762122987174
1015,4.6694120096918565,16.558718314899764,-2.2631198545672335
1016,4.657126459995376,16.543769112182062,-2.252659169774842
1017,4.638976717010511,16.52109252615164,-2.2373335362112963
1018,4.627046421529959,16.5057956818514,-2.227471120525042
1019,4.609432085891359,16.48263704252937,-2.213161924236526
1020,4.597872798138019,16.467061598029833,-2.20388884950354
1021,4.586456761894337,16.451380784266995,-2.1947949719963127
1022,4.5752483126871795,16.435690031888548,-2.185941959222439
1023,4.56418179073911,16.419908529384582,-2.17735544939348
1024,4.55324897862043,16.40403221929151,-2.1689761353987174
1025,4.537095626609068,16.380047083240186,-2.156714206612906
1026,4.526563594740418,16.364065725060353,-2.148985020027869
1027,4.510941739187908,16.339820749825215,-2.1357487971315834
1028,4.500706806444973,16.323547093510246,-2.1272834454531635
1029,4.495640829386484,16.3153789644849,-2.1231809815626472
1030,4.485607853342827,16.29897581574765,-2.11459546709378
1031,4.480647463105788,16.29074391748452,-2.109659574828806
1032,4.471279933205795,16.274917358313385,-2.09857062307248
1033,4.462125404640412,16.259058341644774,-2.0884628128653984
1034,4.457606331931319,16.251095081320884,-2.083893228747802
1035,4.448673393279202,16.235108882371847,-2.0754338848644274
1036,4.43987073552034,16.219049066015245,-2.067617848080279
1037,4.431187536136394,16.202908920991035,-2.059256134988433
1038,4.422697284307296,16.18677194527597,-2.049085856862725
1039,4.4144132073236095,16.17064784309731,-2.0402061898669244
1040,4.4062672272047,16.15445510123189,-2.0321607654603304
1041,4.3942471777117955,16.12996393139411,-2.019808676902822
1042,4.386447858711523,16.113594247465798,-2.0089114037825024
1043,4.378823754110953,16.097154864050225,-1.9995729958862092
1044,4.371716102890376,16.08141604065289,-1.9873294008197826
1045,4.364880025032214,16.065767548348024,-1.975972940693784
1046,4.358212173273025,16.050046850462437,-1.9662385099282438
1047,4.348479131081296,16.026351437030915,-1.953405745280842
1048,4.342430684412349,16.01112394261072,-1.9409561605302788
1049,4.336641774612125,15.995990470157158,-1.929112968678749
1050,4.331022015624254,15.98079226796299,-1.9188763917334313
1051,4.325551675920327,15.965538933338802,-1.90962500737174
1052,4.320218507636456,15.950236510280414,-1.900966712882095
1053,4.315102855336109,15.93512826788608,-1.8907249849364383
1054,4.308046429488832,15.91317439945952,-1.870282778291641
1055,4.301406711617565,15.891103702404443,-1.8537565573034944
1056,4.295112561571389,15.86892836830415,-1.8390266651512752
1057,4.29109378887732,15.854094630534377,-1.8296651318812174
1058,4.285367654134257,15.831820119077529,-1.8080394228033607
1059,4.281939592725233,15.8170447373653,-1.7829833990691388
1060,4.278874603041857,15.802182761503737,-1.761204561365008
1061,4.274923515742188,15.780629603838019,-1.7411581327164818
1062,4.272735893375515,15.767620402887728,-1.7319414468798202
1063,4.26969054468236,15.748079814272586,-1.715939700832758
1064,4.26784103261401,15.735030978016066,-1.7044998143523953
1065,4.266152698302086,15.722038241303304,-1.6927035748884132
1066,4.265366888789205,15.715537785303596,-1.6866868449217627
1067,4.263913776066275,15.702524413628945,-1.6744451091139887
1068,4.26324721658679,15.696011952263891,-1.668227358041248
1069,4.262621241729147,15.68949586419314,-1.6619483833640027
1070,4.261492779899608,15.676453245858749,-1.6492119067648408
1071,4.26099116164018,15.66992704206832,-1.64275621838606
1072,4.2601759263079755,15.657719079168386,-1.6285154163243765
1073,4.259296142078893,15.639567872167444,-1.6064723484257262
1074,4.258932888340863,15.627461151111149,-1.591615855445734
1075,4.258764566424284,15.616016991112954,-1.5752748703602977
1076,4.258868920525803,15.599026298342958,-1.5501692830323546
1077,4.259401484642314,15.582046150712516,-1.524823251490979
1078,4.2599969379636855,15.570736415021385,-1.5076679962082271
1079,4.260777536102818,15.559585647713229,-1.4902143391384115
1080,4.261753401175484,15.548461501276428,-1.4724186011724525
1081,4.262874800714984,15.537859649408212,-1.4538228192288047
1082,4.263455891602034,15.533026380546058,-1.4436963834075396
1083,4.264761832683043,15.523422780982719,-1.4230282421245826
1084,4.266267723497794,15.51385295663806,-1.401875095724244
1085,4.267977445407245,15.50431885016539,-1.3802863151211007
1086,4.269894451034052,15.49482529688027,-1.3582953698548879
1087,4.272011341692685,15.485423526978131,-1.3359044005330796
1088,4.274338968071283,15.476076426543809,-1.3131220060424966
1089,4.276880378868577,15.466785772400636,-1.2899775714861885
1090,4.279638126332736,15.457556476034434,-1.2664950038016403
1091,4.282508345989744,15.44871932506442,-1.2421984772273713
1092,4.285513593679232,15.440190013456201,-1.217333188013616
1093,4.28873041592499,15.431743154550349,-1.1919119837712493
1094,4.292172214458465,15.423356651994041,-1.1663858283105233
1095,4.2958120821458055,15.415091268800955,-1.1412072767886838
1096,4.299673611302186,15.406891760671051,-1.1159481262396216
1097,4.303719838259234,15.398827833323706,-1.0914344462108225
1098,4.307960418874671,15.390874204308615,-1.066044190264539
1099,4.312434489714727,15.382974005014201,-1.0408680034362534
1100,4.31902435324011,15.372094989142113,-1.0076412034509576
1101,4.325944982643578,15.361512901206803,-0.9706963003701962
1102,4.328338439798224,15.358045670942783,-0.9578059549431055
1103,4.330776202923013,15.354610168225577,-0.9447391893531812
1104,4.335785736617013,15.34783754066793,-0.9182664454029884
1105,4.338316763526751,15.344554587606572,-0.904899850873901
1106,4.343494495779547,15.338110326666815,-0.8779470134358234
1107,4.34884378548439,15.33180861519917,-0.8509169861873538
1108,4.3543608256197075,15.325652885900869,-0.8240016610322473
1109,4.360041193060785,15.319646133826764,-0.797339002283642
1110,4.365879805183797,15.313791050875006,-0.771027229428646
1111,4.371879288514434,15.308080289056832,-0.7451241081613218
1112,4.381170153232231,15.299787099400369,-0.70703081711545
1113,4.387536619746917,15.294453727659215,-0.6822016405784187
1114,4.394157465800449,15.289179240001848,-0.6577909554801717
1115,4.400916055300509,15.284057343745381,-0.6337694019739177
1116,4.4077956090039,15.279096742529033,-0.6101683542286749
1117,4.414790432458246,15.274297995034747,-0.5869988616850684
1118,4.4225854787149235,15.269202751309056,-0.5666618314263444
1119,4.430541980242206,15.264224892691631,-0.5466529973957881
1120,4.438712672977945,15.259338673348928,-0.5263227127835757
1121,4.446990533894132,15.254614234121632,-0.5058986787490124
1122,4.455362504874723,15.250059881087703,-0.48550376295886805
1123,4.464003279551823,15.245583064495854,-0.4659327273944997
1124,4.47310079663351,15.241082913517134,-0.44933443233099835
1125,4.482276562714643,15.236733851768149,-0.43090642202288504
1126,4.4915156927212,15.232569514260877,-0.4106207952149585
1127,4.506736079042586,15.226185262517355,-0.3782980383993775
1128,4.517026792032047,15.222187793428091,-0.3578279069105208
1129,4.527397509940945,15.218397702725595,-0.33812054419320403
1130,4.537840120940202,15.214810395121699,-0.31888200613511086
1131,4.553626526476515,15.209805059265179,-0.2904935178782948
1132,4.564735686951144,15.206573205620932,-0.27082565238285844
1133,4.5765245148279075,15.203400891773907,-0.24953858415070101
1134,4.588380742380222,15.200474866181283,-0.22954768449559046
1135,4.60029367338988,15.197782607613787,-0.2102956907565913
1136,4.612255592945321,15.195318588950942,-0.19142940526129326
1137,4.624679955070491,15.193006440969688,-0.17165999757592812
1138,4.644103041756042,15.189910968364986,-0.13957062529709816
1139,4.657104752651614,15.188185279370432,-0.11967827622443397
1140,4.670139717567786,15.18671561759046,-0.10032995307812088
1141,4.683201605575444,15.185497050410138,-0.08120230904698321
1142,4.69729513690578,15.184466072331396,-0.059002737516050015
1143,4.711427016121632,15.183750527860786,-0.03740618674745698
1144,4.725575946590004,15.183334276667095,-0.016939175741739303
1145,4.739731889443947,15.18320376930031,0.0029758978307645747
1146,4.753887884799158,15.183354439740375,0.022684252545566348
1147,4.768386593072401,15.183800641344666,0.04356974924713337
1148,4.790631143135439,15.185140328442623,0.08300449018058005
1149,4.812780934787229,15.187324087306813,0.11752785892015917
1150,4.827491456106488,15.189191085646595,0.13920219472830886
1151,4.849474504471205,15.19258307642678,0.17120655808752466
1152,4.864065512515545,15.195235257620407,0.19252179766585958
1153,4.878976542390836,15.198269383094392,0.21253982649081166
1154,4.901214616017831,15.20337881231785,0.2430766778405679
1155,4.923282876175011,15.209176911947106,0.27472367180679
1156,4.937886329878145,15.213432877201745,0.29624870777752865
1157,4.952419478860694,15.218012308943468,0.31802667844018795
1158,4.966882982838552,15.22292075783639,0.3399872669204131
1159,4.981235570190852,15.228146835677183,0.36209242145606707
1160,4.995469307192716,15.2336906865914,0.38430729552219
1161,5.0095768226816615,15.239550362031226,0.40659594073006333
1162,5.023551564333791,15.245724739232081,0.428919872864996
1163,5.037386691151555,15.252211290341492,0.4512407411809372
1164,5.051483794640297,15.259208148665854,0.47280682194813384
1165,5.0659607688122374,15.266767803951774,0.49250192279591126
1166,5.080286738742868,15.274612421643651,0.5124869140615043
1167,5.094451092805926,15.282741879684318,0.5325749042281075
1168,5.115381845525564,15.295464799076976,0.562619007374587
1169,5.129416415533952,15.304467989399717,0.5802481782467585
1170,5.14329922034086,15.313716834588286,0.5976494244973687
1171,5.157019348627626,15.323208944638877,0.6153742457802285
1172,5.170570426747842,15.332944511963808,0.6331821975395079
1173,5.184061377974564,15.34300644335454,0.6508658248912655
1174,5.197528529527677,15.353421013307743,0.6680912245372018
1175,5.2173984128442195,15.369471391464224,0.6930473188381164
1176,5.230482232988804,15.380486552429527,0.7083408893169695
1177,5.2502329130657905,15.397711817805906,0.7278097347467285
1178,5.256746470400419,15.403542623746159,0.7343514512884046
1179,5.2632216231927105,15.409415342036924,0.7408847244315167
1180,5.276055555574526,15.421286384453094,0.7538696992318749
1181,5.282414541691679,15.427283821140847,0.7603001392912366
1182,5.2950461000700395,15.439426843896545,0.7728741908143041
1183,5.307530258769339,15.451729883864653,0.7850091978960124
1184,5.319868156868069,15.464183058375047,0.7967484531600907
1185,5.332062584709637,15.476780036517455,0.8081220201408041
1186,5.344123416539731,15.48952184278894,0.8191262639655247
1187,5.361974159903843,15.50889359855962,0.8347472456839433
1188,5.373710617131936,15.521959975692953,0.8446459498387618
1189,5.385318535803309,15.53514012574662,0.8541908752106938
1190,5.396753084493969,15.548371945986933,0.8634048747629098
1191,5.40800202365083,15.561629788620918,0.8722450834815892
1192,5.419134399449021,15.574983898078855,0.8807605489892257
1193,5.430058090708148,15.588300959428205,0.887612433352055
1194,5.440943726079583,15.601755888448558,0.8948553229831063
1195,5.45166298097517,15.615224026926567,0.9040095221768221
1196,5.462170056738618,15.628691798068143,0.9140644787839365
1197,5.472546399826043,15.642260129145486,0.9230192962425994
1198,5.482806872645879,15.655918309037059,0.9311913663638461
1199,5.492879247809998,15.669571742147495,0.9411871690455834
1200,5.50271092309156,15.683182007379902,0.9505645959509688
1201,5.517308940885197,15.703868936263783,0.9637000897604617
1202,5.526835621152079,15.717715700518461,0.9743304765375371
1203,5.536154007401636,15.73156179940715,0.9845324702474244
1204,5.549477416596139,15.751967569749853,1.0014555900415494
1205,5.558176070841238,15.765673252636663,1.0103030548527212
1206,5.56683060424435,15.779573652871797,1.019490206201207
1207,5.574778274565059,15.792678558774098,1.035501448130723
1208,5.5862493742430726,15.812422547841251,1.0546185044587546
1209,5.5973940216540194,15.832358949997792,1.0684689055784362
1210,5.6044869159957615,15.845417127165812,1.0810563448952215
1211,5.611394010252896,15.858527646344356,1.0925084519338937
1212,5.6181640773643435,15.871712888227043,1.1018290862669193
1213,5.62479992342899,15.8849770830297,1.1154414387787728
1214,5.627917958351581,15.891392099106616,1.1240135889485692
1215,5.630953093636763,15.897776147179165,1.1351247933230861
1216,5.6367942546051895,15.910642657406948,1.1597063888294488
1217,5.642332000032712,15.923649751411695,1.1801522332358028
1218,5.6476317170030566,15.936749843816376,1.194844890879621
1219,5.65275692821697,15.949922556240415,1.206411600523489
1220,5.655265691496149,15.956530736704675,1.2114154347796113
1221,5.6599590530172526,15.9691670144384,1.2207614707001855
1222,5.662250212160068,15.975473453907485,1.226007039088136
1223,5.6667315696984675,15.988114517926519,1.2364369242981057
1224,5.671079726626661,16.000808416930646,1.2478318724766992
1225,5.675282103904435,16.013543228617355,1.2583255836130862
1226,5.681140994013608,16.032200483345573,1.2795240427216734
1227,5.686490271843633,16.050625799477583,1.299107026323442
1228,5.6915090898958995,16.06915133814076,1.3153901681592228
1229,5.694681901941043,16.08155697720653,1.329172632486236
1230,5.697678612664229,16.093993647305044,1.3422611805373694
1231,5.7003922008262276,16.105976004557427,1.3583149624331055
1232,5.702899980087215,16.117943747470985,1.3733474812378528
1233,5.705235881832091,16.12994927608913,1.3867181467742962
1234,5.708451424375036,16.148014593298125,1.4052247617548506
1235,5.710379802301768,16.15992148856905,1.4189398401367774
1236,5.712086656810359,16.171577749549552,1.4364599591477227
1237,5.713592854809178,16.183260175047646,1.4520976115848316
1238,5.715522116571598,16.200824078536243,1.4738507342656526
1239,5.716599016399171,16.212554659108363,1.4879101706719773
1240,5.717511318852754,16.22429909246812,1.501930611630485
1241,5.718239872601141,16.235834014172905,1.5180416495874447
1242,5.71872806459099,16.247030702386944,1.5443165942044619
1243,5.7188844881693335,16.263839701785386,1.5831928402951314
1244,5.71845720418479,16.280612640398296,1.6130339789506913
1245,5.71790166318979,16.291786022418847,1.632009424263382
1246,5.7171355096167105,16.30294497672183,1.6508136515515865
1247,5.7161595902658675,16.314086986043723,1.6697120797310232
1248,5.714971856964177,16.32520797054373,1.6888554843566297
1249,5.713569998692016,16.336302881685093,1.7083333836188237
1250,5.711950566256536,16.34736700556086,1.7281991957273632
1251,5.710218765170745,16.357775597621888,1.746770516373247
1252,5.70928799951264,16.362926047065343,1.7564001748011817
1253,5.707274920729581,16.37319370628839,1.776818829242527
1254,5.7061887778810485,16.378310159641302,1.7874912026324223
1255,5.7050477156996395,16.38341414201027,1.798416346728904
1256,5.702596811646406,16.393581114538183,1.8209088464053467
1257,5.6999175387333985,16.403677744748208,1.844122955906029
1258,5.69699452645189,16.413763561183064,1.8652792255549804
1259,5.693876984844018,16.423724621275866,1.8872343719596734
1260,5.6887610690094705,16.43860810592259,1.9192659285268014
1261,5.685109366876339,16.448393619556857,1.9409000710986588
1262,5.679196019584801,16.463000751392887,1.9724226788357557
1263,5.675136454050386,16.47233495643599,1.993842249414049
1264,5.670881126523677,16.4815513275475,2.017350475790957
1265,5.664007254466734,16.495421874482727,2.0480228746370113
1266,5.656813117618532,16.508840089393043,2.0825864431598657
1267,5.651633921024761,16.517893839491,2.100398272906576
1268,5.646542837129666,16.526494127193118,2.1107376359806893
1269,5.638750049219316,16.539262961787404,2.1309632923530692
1270,5.633400170193278,16.547646935611127,2.1510324793404285
1271,5.625069887207993,16.55995466843976,2.1854531830159667
1272,5.619321190850861,16.56792776621221,2.2101336918312757
1273,5.613336514234091,16.575803890213813,2.235563361012326
1274,5.6071765638777595,16.583497266206916,2.260818410617505
1275,5.600783433483357,16.591083732622145,2.285642899522831
1276,5.594152953534538,16.598573665525134,2.3094915785556993
1277,5.5873479066734895,16.6059013076026,2.3335427438114826
1278,5.580369478594867,16.61306337213534,2.357503796861292
1279,5.56958750279698,16.62349016126157,2.3928597254896973
1280,5.558004023987645,16.63395275518888,2.424998881134556
1281,5.546090140057948,16.64404620403633,2.4567678496431635
1282,5.537972110341485,16.650564316021196,2.4777061607811115
1283,5.529711339384219,16.656919410321667,2.49830333959217
1284,5.521309837214772,16.66311398235619,2.518494127468309
1285,5.508478102556433,16.672090829885406,2.547956799180555
1286,5.4953895502793335,16.680692574453712,2.5764247371494067
1287,5.486531827371101,16.68622129213197,2.5948746630558195
1288,5.477133589595621,16.69185538686811,2.6117149632161154
1289,5.4676273174881915,16.697342806647153,2.6282436602692383
1290,5.462840535306728,16.700027432673124,2.636530261053966
1291,5.453201356150901,16.705277019708696,2.653079118452326
1292,5.448349913775194,16.707841818191717,2.6613236830691496
1293,5.438585663953034,16.712851272032164,2.677724597120246
1294,5.428741713629012,16.717699643796212,2.693990220245217
1295,5.41855565308247,16.722512425250688,2.709885327310811
1296,5.4079778142508985,16.727308704403328,2.725552254286026
1297,5.3973443347510015,16.731928203137524,2.741914226468
1298,5.386637379870245,16.7363746983994,2.75788023810161
1299,5.3758448105132475,16.74065568281236,2.774144544274955
1300,5.364789386434959,16.744826190687295,2.7921379741172343
1301,5.347732075030871,16.750816156261614,2.8196468197623954
1302,5.330517861532929,16.756355390555402,2.8447248005801273
1303,5.318966204915102,16.759812036246544,2.8607819052791488
1304,5.301428436896356,16.76465512758081,2.8884007141358414
1305,5.283792694308437,16.7690113989028,2.9144195053955304
1306,5.266053080531398,16.772916736626133,2.939316233616998
1307,5.254177530339174,16.775275145431493,2.9557189535502117
1308,5.24105105955591,16.77764703226407,2.975168233605832
1309,5.2212146389307525,16.780737154302503,3.0029599737229593
1310,5.201294779658335,16.783293902970303,3.0288360093796096
1311,5.187980346184373,16.784714394488574,3.0457358315135075
1312,5.174069435834159,16.785947345341008,3.066139475359351
1313,5.160151140771407,16.786890886227688,3.0860578531692147
1314,5.139240023594631,16.78780243905348,3.114014109914007
1315,5.125287408480598,16.788088952642113,3.1321434355686413
1316,5.1113324234521675,16.788123259887666,-3.132974600343396
1317,5.0971807856311315,16.787900740175086,-3.1148349937698354
1318,5.082779157850243,16.78741289049473,-3.0966607222917695
1319,5.06838753090814,16.78666275782077,-3.0783437410475387
1320,5.0540119515516535,16.78564730460816,-3.0597987042241597
1321,5.032491279834279,16.78362012855898,-3.0314450077620196
1322,5.010957799206361,16.780964641275347,-3.0023832099364687
1323,4.996519011856709,16.778825815807792,-2.982674162941696
1324,4.982124695362055,16.776400289647665,-2.962684228951402
1325,4.96778289422925,16.773685696812404,-2.9423936881741715
1326,4.953458217910804,16.770669842879574,-2.9218088402761793
1327,4.9462926044245785,16.76904465457632,-2.9114261871879985
1328,4.939144717347799,16.767344948235227,-2.9009839745097508
1329,4.924905511892748,16.76372115959005,-2.879918609602298
1330,4.917815734948615,16.761796457198866,-2.8692962940626483
1331,4.903699571181367,16.75772006248274,-2.8478795263415937
1332,4.889673591583824,16.75334035617371,-2.8262490976133305
1333,4.875736992562905,16.748653857531632,-2.8044328005838346
1334,4.862149957533198,16.743748467528324,-2.7813965707281096
1335,4.848462880726009,16.73841823371953,-2.7542126164674374
1336,4.834872122895883,16.732705718277177,-2.73010573995175
1337,4.821427500452204,16.726692024376117,-2.70894805062416
1338,4.807851747682723,16.72028712946297,-2.690192215768837
1339,4.794398183666092,16.71363176335689,-2.6711751725579758
1340,4.774471378843278,16.703161254324442,-2.641212152209182
1341,4.754874740829868,16.692091501249095,-2.6105484342024146
1342,4.741937249278874,16.684343958727627,-2.591196048613665
1343,4.729106020960586,16.67634177599859,-2.574457743762344
1344,4.716418317555759,16.66812590488461,-2.556732057371656
1345,4.703880948510433,16.659683646955386,-2.538495790924529
1346,4.691460774332603,16.650985068784827,-2.520116361551324
1347,4.679197606060642,16.6420560503465,-2.501836721695371
1348,4.66709700115675,16.632904497761945,-2.4837848003474288
1349,4.6551617133599255,16.62353717691014,-2.466056661684198
1350,4.643392264745745,16.61396073680299,-2.448721470045894
1351,4.631788365346845,16.6041841223334,-2.4318250859259356
1352,4.614690212561542,16.58916017927625,-2.4073686742793985
1353,4.603474500885333,16.578899378257418,-2.3916986290723017
1354,4.592391372550724,16.568441340992205,-2.37663607209097
1355,4.576055059741567,16.55244778596922,-2.3551067974893325
1356,4.565351393467101,16.541594344158497,-2.3414007753387467
1357,4.554794879845901,16.53059654124918,-2.3281721535212987
1358,4.544382957485109,16.519461888007186,-2.315392830696304
1359,4.529004588411056,16.50249218716072,-2.297028760454165
1360,4.518883211699987,16.49098100395531,-2.285365539419489
1361,4.508894183332697,16.47935416746243,-2.274139659284068
1362,4.499058758407176,16.467666964891684,-2.265981448129818
1363,4.489268120778183,16.455853867087804,-2.2585061608502857
1364,4.479590820792361,16.443963694407746,-2.2471654626609547
1365,4.470055601672388,16.4319672187696,-2.235957442878721
